 t[s],u[ft/s],v[ft/s],w[ft/s],p[rad/s],q[rad/s],r[rad/s],x[ft],y[ft],z[ft],e0,ex,ey,ez
0.00000000000000,544.824925851914,0.00000000000000,75.2715096863080,-0.00000000000000,0.00000000000000,0.00000000000000,0.00000000000000,0.00000000000000,-30000.0000000000,0.997644920369018,0.00000000000000,0.685901805063668E-1,0.00000000000000
6.62999999999990,544.824925851914,0.639884847729357E-16,75.2715096863080,-0.131165568249178E-17,-0.306667983242972E-15,-0.574938220307180E-18,3646.50000000000,-0.531956777025621E-14,-30000.0000000000,0.997644920369018,0.475688484828125E-17,0.685901805063668E-1,-0.116342001180850E-15
6.63999999999990,544.824925851914,0.639593374404284E-16,75.2715096863080,-0.131241996519274E-17,-0.306667966756183E-15,-0.575304022248855E-18,3652.00000000000,-0.659927585957659E-14,-30000.0000000000,0.609306711964914E-15,0.685901805063668E-1,0.451398942754836E-16,-0.997644920369018
9.99999999999983,544.824925851914,0.509426903869616E-16,75.2715096863080,-0.125355426375049E-17,-0.306661200855000E-15,-0.828539030007971E-18,1804.00000000000,-0.626980052630647E-12,-30000.0000000000,0.165233200302439E-15,0.685901805063668E-1,0.169010282161905E-16,-0.997644920369018
