parameter,independent_variables,1,
time ,p ,q,r
0,0,0,0
0.99999,0,0,0
1,0.872664626,0,0
4,0.872664626,0,0
4.1,0.872664626,0,0
